tm,logo
ATL,https://raw.githubusercontent.com/IvoVillanueva/nbapng/main/sin_fondo_ATL.png
BKN,https://raw.githubusercontent.com/IvoVillanueva/nbapng/main/sin_fondo_BKN.png
BOS,https://raw.githubusercontent.com/IvoVillanueva/nbapng/main/sin_fondo_BOS.png
CHA,https://raw.githubusercontent.com/IvoVillanueva/nbapng/main/sin_fondo_CHA.png
CHI,https://raw.githubusercontent.com/IvoVillanueva/nbapng/main/sin_fondo_CHI.png
CLE,https://raw.githubusercontent.com/IvoVillanueva/nbapng/main/sin_fondo_CLE.png
DAL,https://raw.githubusercontent.com/IvoVillanueva/nbapng/main/sin_fondo_DAL.png
DEN,https://raw.githubusercontent.com/IvoVillanueva/nbapng/main/sin_fondo_DEN.png
DET,https://raw.githubusercontent.com/IvoVillanueva/nbapng/main/sin_fondo_DET.png
GSW,https://raw.githubusercontent.com/IvoVillanueva/nbapng/main/sin_fondo_GSW.png
HOU,https://raw.githubusercontent.com/IvoVillanueva/nbapng/main/sin_fondo_HOU.png
IND,https://raw.githubusercontent.com/IvoVillanueva/nbapng/main/sin_fondo_IND.png
LAC,https://raw.githubusercontent.com/IvoVillanueva/nbapng/main/sin_fondo_LAC.png
LAL,https://raw.githubusercontent.com/IvoVillanueva/nbapng/main/sin_fondo_LAL.png
MEM,https://raw.githubusercontent.com/IvoVillanueva/nbapng/main/sin_fondo_MEM.png
MIA,https://raw.githubusercontent.com/IvoVillanueva/nbapng/main/sin_fondo_MIA.png
MIL,https://raw.githubusercontent.com/IvoVillanueva/nbapng/main/sin_fondo_MIL.png
MIN,https://raw.githubusercontent.com/IvoVillanueva/nbapng/main/sin_fondo_MIN.png
NOP,https://raw.githubusercontent.com/IvoVillanueva/nbapng/main/sin_fondo_NOP.png
NYK,https://raw.githubusercontent.com/IvoVillanueva/nbapng/main/sin_fondo_NYK.png
OKC,https://raw.githubusercontent.com/IvoVillanueva/nbapng/main/sin_fondo_OKC.png
ORL,https://raw.githubusercontent.com/IvoVillanueva/nbapng/main/sin_fondo_ORL.png
PHI,https://raw.githubusercontent.com/IvoVillanueva/nbapng/main/sin_fondo_PHI.png
PHX,https://raw.githubusercontent.com/IvoVillanueva/nbapng/main/sin_fondo_PHX.png
POR,https://raw.githubusercontent.com/IvoVillanueva/nbapng/main/sin_fondo_POR.png
SAC,https://raw.githubusercontent.com/IvoVillanueva/nbapng/main/sin_fondo_SAC.png
SAS,https://raw.githubusercontent.com/IvoVillanueva/nbapng/main/sin_fondo_SAS.png
TOR,https://raw.githubusercontent.com/IvoVillanueva/nbapng/main/sin_fondo_TOR.png
UTA,https://raw.githubusercontent.com/IvoVillanueva/nbapng/main/sin_fondo_UTA.png
WAS,https://raw.githubusercontent.com/IvoVillanueva/nbapng/main/sin_fondo_WAS.png
